id,Group,Name,rows,cols,entries
843,Cunningham,m3plates,11107,11107,6639
445,Garon,garon2,13535,13535,373235
970,Schenk_ISEI,nmos3,18588,18588,237130
1417,Sandia,ASIC_320k,321821,321821,1931828
347,Boeing,bcsstm37,25503,25503,15525
2,HB,494_bus,494,494,1666
877,Pothen,mesh3e1,289,289,1889
878,Pothen,mesh3em5,289,289,1889
875,Pothen,mesh2e1,306,306,2018
876,Pothen,mesh2em5,306,306,2018
2205,JGD_Trefethen,Trefethen_150,150,150,2040
315,Bai,mhdb416,416,416,2312
27,HB,bcsstk05,153,153,2423
206,HB,lund_a,147,147,2449
3,HB,662_bus,662,662,2474
2206,JGD_Trefethen,Trefethen_200b,199,199,2873
2207,JGD_Trefethen,Trefethen_200,200,200,2890
42,HB,bcsstk20,485,485,3135
4,HB,685_bus,685,685,3249
222,HB,nos6,675,675,3255
26,HB,bcsstk04,132,132,3648
1,HB,1138_bus,1138,1138,4054
24,HB,bcsstk02,66,66,4356
223,HB,nos7,729,729,4617
2208,JGD_Trefethen,Trefethen_300,300,300,4678
221,HB,nos5,468,468,5172
229,HB,plat362,362,362,5786
41,HB,bcsstk19,817,817,6853
62,HB,bcsstm07,420,420,7252
1401,Bates,Chem97ZtZ,2541,2541,7361
159,HB,gr_30_30,900,900,7744
28,HB,bcsstk06,420,420,7860
29,HB,bcsstk07,420,420,7860
2209,JGD_Trefethen,Trefethen_500,500,500,8478
2210,JGD_Trefethen,Trefethen_700,700,700,12654
30,HB,bcsstk08,1074,1074,12960
219,HB,nos3,960,960,15844
1623,Bai,mhd3200b,3200,3200,18316
31,HB,bcsstk09,1083,1083,18437
67,HB,bcsstm12,1473,1473,19659
339,Boeing,bcsstk34,588,588,21418
32,HB,bcsstk10,1086,1086,22070
430,FIDAP,ex33,1733,1733,22189
1621,Bai,mhd1280b,1280,1280,22778
43,HB,bcsstk21,3600,3600,26600
1625,Bai,mhd4800b,4800,4800,27520
358,Boeing,msc01050,1050,1050,29156
48,HB,bcsstk26,1922,1922,30336
1911,TKK,plbuckle,1282,1282,30644
228,HB,plat1919,1919,1919,32399
33,HB,bcsstk11,1473,1473,34241
34,HB,bcsstk12,1473,1473,34241
357,Boeing,msc00726,726,726,34518
363,Boeing,nasa1824,1824,1824,39208
757,Nasa,nasa1824,1824,1824,39208
2211,JGD_Trefethen,Trefethen_2000,2000,2000,41906
45,HB,bcsstk23,3134,3134,45178
359,Boeing,msc01440,1440,1440,46270
427,FIDAP,ex3,1821,1821,52685
407,FIDAP,ex10,2410,2410,54840
49,HB,bcsstk27,1224,1224,56126
408,FIDAP,ex10hs,2548,2548,57308
36,HB,bcsstk14,1806,1806,63454
1425,GHS_indef,bloweybq,10001,10001,69991
758,Nasa,nasa2146,2146,2146,72250
1214,Cannizzo,sts4098,4098,4098,72356
411,FIDAP,ex13,2568,2568,75628
35,HB,bcsstk13,2003,2003,83883
887,Norris,fv1,9604,9604,85264
888,Norris,fv2,9801,9801,87025
889,Norris,fv3,9801,9801,87025
360,Boeing,msc04515,4515,4515,97707
413,FIDAP,ex15,6867,6867,98671
440,FIDAP,ex9,3363,3363,99471
365,Boeing,nasa4704,4704,4704,104756
760,Nasa,nasa4704,4704,4704,104756
353,Boeing,crystm01,4875,4875,105339
37,HB,bcsstk15,3948,3948,117816
868,Pothen,bodyy4,17546,17546,121938
791,Okunbor,aft01,8205,8205,125567
869,Pothen,bodyy5,18589,18589,129281
870,Pothen,bodyy6,19366,19366,134748
1406,Bindel,ted_B,10605,10605,144579
1409,Bindel,ted_B_unscaled,10605,10605,144579
40,HB,bcsstk18,11948,11948,149090
46,HB,bcsstk24,3562,3562,159910
1331,MathWorks,Muu,7102,7102,170134
364,Boeing,nasa2910,2910,2910,174296
759,Nasa,nasa2910,2910,2910,174296
1205,Oberwolfach,t2dah_e,11445,11445,176117
1313,GHS_psdef,minsurfo,40806,40806,203622
1611,Cylshell,s3rmt3m3,5357,5357,207695
50,HB,bcsstk28,4410,4410,219024
1608,Cylshell,s1rmt3m1,5489,5489,219521
1609,Cylshell,s2rmt3m1,5489,5489,219521
1610,Cylshell,s3rmt3m1,5489,5489,219521
47,HB,bcsstk25,15439,15439,252241
1605,Cylshell,s1rmq4m1,5489,5489,281111
1606,Cylshell,s2rmq4m1,5489,5489,281111
1607,Cylshell,s3rmq4m1,5489,5489,281111
38,HB,bcsstk16,4884,4884,290378
1330,MathWorks,Kuu,7102,7102,340200
343,Boeing,bcsstk38,8032,8032,355460
1203,Oberwolfach,gyro_m,17361,17361,340431
1310,GHS_psdef,cvxbqp1,50000,50000,349968
39,HB,bcsstk17,10974,10974,428650
1288,GHS_psdef,wathen100,30401,30401,471601
1311,GHS_psdef,gridgena,48962,48962,512084
1422,GHS_psdef,apache1,80800,80800,542184
2212,JGD_Trefethen,Trefethen_20000b,19999,19999,554435
2213,JGD_Trefethen,Trefethen_20000,20000,20000,554466
1289,GHS_psdef,wathen120,36441,36441,565761
1402,Schmid,thermal1,82654,82654,574458
355,Boeing,crystm03,24696,24696,583770
752,Mulvey,finan512,74752,74752,596992
1912,TKK,cbuckle,13681,13681,676515
2257,Botonakis,thermomech_TC,102158,102158,711558
2258,Botonakis,thermomech_TK,102158,102158,711558
1184,ACUSIM,Pres_Poisson,14822,14822,715804
1412,AMD,G2_circuit,150102,150102,726674
813,Simon,olafu,16146,16146,1015156
1202,Oberwolfach,gyro_k,17361,17361,1021159
1435,Oberwolfach,gyro,17361,17361,1021159
1848,UTEP,Dubcova2,65025,65025,1030225
341,Boeing,bcsstk36,23052,23052,1143140
362,Boeing,msc23052,23052,23052,1154814
1892,Castrillon,denormal,89400,89400,1156224
361,Boeing,msc10848,10848,10848,1229778
817,Simon,raefsky4,19779,19779,1328611
2259,Botonakis,thermomech_dM,204316,204316,1423116
1919,Um,2cubes_sphere,101492,101492,1647264
845,Cunningham,qa8fm,66127,66127,1660579
804,Rothberg,cfd1,70656,70656,1828364
1287,GHS_psdef,vanbody,47072,47072,2336898
761,Nasa,nasasrb,54870,54870,2677324
356,Boeing,ct20stif,52329,52329,2698463
805,Rothberg,cfd2,123440,123440,3087898
936,ND,nd3k,9000,9000,3279690
1270,GHS_psdef,oilpan,73752,73752,3597188
1849,UTEP,Dubcova3,146689,146689,3636649
1853,Wissgott,parabolic_fem,525825,525825,3674625
1909,TKK,smt,25710,25710,3753184
1276,GHS_psdef,s3dkt3m2,90449,90449,3753461
2375,Williams,cant,62451,62451,4007383
1283,DNVS,thread,29736,29736,4470048
1277,DNVS,ship_001,34920,34920,4644230
1423,GHS_psdef,apache2,715176,715176,4817870
1275,GHS_psdef,s3dkq4m2,90449,90449,4820891
1883,McRae,ecology2,999999,999999,4995991
1899,CEMW,tmt_sym,726713,726713,5080961
2374,Williams,consph,83334,83334,6010480
1281,DNVS,shipsec8,114919,114919,6653399
1454,Oberwolfach,boneS01,127224,127224,6715152
937,ND,nd6k,18000,18000,6897316
1253,GHS_psdef,bmw7st_1,141347,141347,7339667
1279,DNVS,shipsec1,140874,140874,7813404
1278,DNVS,ship_003,121728,121728,8086034
1269,DNVS,m_t1,97578,97578,9753570
1280,DNVS,shipsec5,179860,179860,10113096
1290,DNVS,x104,108384,108384,10167624
1257,GHS_psdef,crankseg_1,52804,52804,10614210
1254,GHS_psdef,bmwcra_1,148770,148770,10644002
1266,GHS_psdef,hood,220542,220542,10768436
369,Boeing,pwtk,217918,217918,11634424
1850,BenElechi,BenElechi1,245874,245874,13150496
1258,GHS_psdef,crankseg_2,63838,63838,14148858
938,ND,nd12k,36000,36000,14220946
1580,Schenk_AFE,af_0_k101,503625,503625,17550675
1581,Schenk_AFE,af_1_k101,503625,503625,17550675
1582,Schenk_AFE,af_2_k101,503625,503625,17550675
1583,Schenk_AFE,af_3_k101,503625,503625,17550675
1584,Schenk_AFE,af_4_k101,503625,503625,17550675
1585,Schenk_AFE,af_5_k101,503625,503625,17550675
942,Schenk_AFE,af_shell3,504855,504855,17588875
943,Schenk_AFE,af_shell4,504855,504855,17588875
946,Schenk_AFE,af_shell7,504855,504855,17588875
947,Schenk_AFE,af_shell8,504855,504855,17588875
2664,Mazaheri,bundle_adj,513351,513351,20208051
1644,INPRO,msdoor,415863,415863,20240935
2543,Janna,Fault_639,638802,638802,28614564
939,ND,nd24k,72000,72000,28715634
2661,Janna,PFlow_742,742793,742793,37138461
1268,GHS_psdef,ldoor,952203,952203,46522475
1455,Oberwolfach,boneS10,914898,914898,55468422
57,HB,bcsstm02,66,66,66
1438,Oberwolfach,LF10,18,18,82
72,HB,bcsstm22,138,138,138
2203,JGD_Trefethen,Trefethen_20b,19,19,147
60,HB,bcsstm05,153,153,153
2204,JGD_Trefethen,Trefethen_20,20,20,158
436,FIDAP,ex5,27,27,279
872,Pothen,mesh1e1,48,48,306
873,Pothen,mesh1em1,48,48,306
874,Pothen,mesh1em6,48,48,306
23,HB,bcsstk01,48,48,400
61,HB,bcsstm06,420,420,420
70,HB,bcsstm20,485,485,485
220,HB,nos4,100,100,594
25,HB,bcsstk03,112,112,640
44,HB,bcsstk22,138,138,696
69,HB,bcsstm19,817,817,817
2261,MaxPlanck,shallow_water1,81920,81920,327680
217,HB,nos1,237,237,1017
63,HB,bcsstm08,1074,1074,1074
64,HB,bcsstm09,1083,1083,1083
66,HB,bcsstm11,1473,1473,1473
76,HB,bcsstm26,1922,1922,1922
207,HB,lund_b,147,147,2441
73,HB,bcsstm23,3134,3134,3134
1939,JGD_BIBD,bibd_81_2,3240,3240,3240
74,HB,bcsstm24,3562,3562,3562
71,HB,bcsstm21,3600,3600,3600
218,HB,nos2,957,957,4137
1207,Oberwolfach,t2dal_e,4257,4257,4257
75,HB,bcsstm25,15439,15439,15439
1211,Oberwolfach,t3dl_e,20360,20360,20360
349,Boeing,bcsstm39,46772,46772,46772
1439,Oberwolfach,LFAT5000,19994,19994,79966
1437,Oberwolfach,LF10000,19998,19998,99982
1314,GHS_psdef,obstclae,40000,40000,197608
1315,GHS_psdef,torsion1,40000,40000,197608
1312,GHS_psdef,jnlbrng1,40000,40000,199200
1847,UTEP,Dubcova1,16129,16129,253009
354,Boeing,crystm02,13965,13965,322905
2262,MaxPlanck,shallow_water2,81920,81920,327680
2283,Um,offshore,259789,259789,4242673
1403,Schmid,thermal2,1228045,1228045,8580313
2547,Janna,StocF-1465,1465137,1465137,21005389
1267,GHS_psdef,inline_1,503712,503712,36816342
2542,Janna,Emilia_923,923136,923136,41005206
2546,Janna,Hook_1498,1498023,1498023,60917445
2545,Janna,Geo_1438,1437960,1437960,63156690
2541,Janna,Serena,1391349,1391349,64531701
1453,Oberwolfach,bone010,986703,986703,71666325
1325,Morandini,robot,120,120,870
1943,JGD_CAG,CAG_mat72,72,72,1012
141,HB,fs_183_1,183,183,1069
142,HB,fs_183_3,183,183,1069
143,HB,fs_183_4,183,183,1069
144,HB,fs_183_6,183,183,1069
2338,Rommes,ww_36_pmec_36,66,66,1194
6,HB,arc130,130,130,1282
175,HB,impcol_e,225,225,1308
174,HB,impcol_d,425,425,1339
1189,Rajat,rajat05,301,301,1384
215,HB,nnc261,261,261,1500
2559,CPM,cz148,148,148,1527
1112,Sandia,oscil_dcop_01,430,430,1544
1113,Sandia,oscil_dcop_02,430,430,1544
1114,Sandia,oscil_dcop_03,430,430,1544
1115,Sandia,oscil_dcop_04,430,430,1544
1116,Sandia,oscil_dcop_05,430,430,1544
1117,Sandia,oscil_dcop_06,430,430,1544
1118,Sandia,oscil_dcop_07,430,430,1544
1119,Sandia,oscil_dcop_08,430,430,1544
1120,Sandia,oscil_dcop_09,430,430,1544
1121,Sandia,oscil_dcop_10,430,430,1544
1122,Sandia,oscil_dcop_11,430,430,1544
1123,Sandia,oscil_dcop_12,430,430,1544
1124,Sandia,oscil_dcop_13,430,430,1544
1125,Sandia,oscil_dcop_14,430,430,1544
1126,Sandia,oscil_dcop_15,430,430,1544
1127,Sandia,oscil_dcop_16,430,430,1544
1128,Sandia,oscil_dcop_17,430,430,1544
1129,Sandia,oscil_dcop_18,430,430,1544
1130,Sandia,oscil_dcop_19,430,430,1544
1131,Sandia,oscil_dcop_20,430,430,1544
1132,Sandia,oscil_dcop_21,430,430,1544
1133,Sandia,oscil_dcop_22,430,430,1544
1134,Sandia,oscil_dcop_23,430,430,1544
1135,Sandia,oscil_dcop_24,430,430,1544
1136,Sandia,oscil_dcop_25,430,430,1544
1137,Sandia,oscil_dcop_26,430,430,1544
1138,Sandia,oscil_dcop_27,430,430,1544
1139,Sandia,oscil_dcop_28,430,430,1544
1140,Sandia,oscil_dcop_29,430,430,1544
1141,Sandia,oscil_dcop_30,430,430,1544
1142,Sandia,oscil_dcop_31,430,430,1544
1143,Sandia,oscil_dcop_32,430,430,1544
1144,Sandia,oscil_dcop_33,430,430,1544
1145,Sandia,oscil_dcop_34,430,430,1544
1146,Sandia,oscil_dcop_35,430,430,1544
1147,Sandia,oscil_dcop_36,430,430,1544
1148,Sandia,oscil_dcop_37,430,430,1544
1149,Sandia,oscil_dcop_38,430,430,1544
1150,Sandia,oscil_dcop_39,430,430,1544
1151,Sandia,oscil_dcop_40,430,430,1544
1152,Sandia,oscil_dcop_41,430,430,1544
1153,Sandia,oscil_dcop_42,430,430,1544
1154,Sandia,oscil_dcop_43,430,430,1544
1155,Sandia,oscil_dcop_44,430,430,1544
1156,Sandia,oscil_dcop_45,430,430,1544
1157,Sandia,oscil_dcop_46,430,430,1544
1158,Sandia,oscil_dcop_47,430,430,1544
1159,Sandia,oscil_dcop_48,430,430,1544
1160,Sandia,oscil_dcop_49,430,430,1544
1161,Sandia,oscil_dcop_50,430,430,1544
1162,Sandia,oscil_dcop_51,430,430,1544
1163,Sandia,oscil_dcop_52,430,430,1544
1164,Sandia,oscil_dcop_53,430,430,1544
1165,Sandia,oscil_dcop_54,430,430,1544
1166,Sandia,oscil_dcop_55,430,430,1544
1167,Sandia,oscil_dcop_56,430,430,1544
1168,Sandia,oscil_dcop_57,430,430,1544
1169,Sandia,oscil_trans_01,430,430,1614
247,HB,shl_0,663,663,1687
249,HB,shl_400,663,663,1712
248,HB,shl_200,663,663,1726
268,HB,west0497,497,497,1727
335,Bai,rw496,496,496,1859
267,HB,west0479,479,479,1910
266,HB,west0381,381,381,2157
1639,Bai,tols340,340,340,2196
1864,Muite,Chebyshev1,261,261,2319
2015,JGD_Homology,ch5-5-b3,600,600,2400
254,HB,str_0,363,363,2454
310,Bai,dw256A,512,512,2480
1616,Bai,dwa512,512,512,2480
311,Bai,dw256B,512,512,2500
1617,Bai,dwb512,512,512,2500
149,HB,fs_680_1,680,680,2646
150,HB,fs_680_2,680,680,2646
151,HB,fs_680_3,680,680,2646
212,HB,mcca,180,180,2659
190,HB,lns_511,511,511,2796
193,HB,lnsp_511,511,511,2796
269,HB,west0655,655,655,2854
307,Bai,ck400,400,400,2860
1627,Bai,qh768,768,768,2934
255,HB,str_200,363,363,3068
824,TOKAMAK,utm300,300,300,3155
256,HB,str_400,363,363,3157
2560,CPM,cz308,308,308,3182
82,HB,bp_0,822,822,3276
257,HB,str_600,363,363,3279
328,Bai,qh882,882,882,3354
234,HB,pores_3,532,532,3474
270,HB,west0989,989,989,3537
1637,Bai,tols1090,1090,1090,3546
292,Bai,bfwa398,398,398,3678
87,HB,bp_200,822,822,3802
308,Bai,ck656,656,656,3884
280,HB,young3c,841,841,3988
88,HB,bp_400,822,822,4028
216,HB,nnc666,666,666,4044
89,HB,bp_600,822,822,4172
450,Grund,b2_ss,1089,1089,4228
451,Grund,b_dyn,1089,1089,4264
145,HB,fs_541_1,541,541,4285
146,HB,fs_541_2,541,541,4285
147,HB,fs_541_3,541,541,4285
148,HB,fs_541_4,541,541,4285
90,HB,bp_800,822,822,4534
83,HB,bp_1000,822,822,4661
84,HB,bp_1200,822,822,4726
85,HB,bp_1400,822,822,4790
86,HB,bp_1600,822,822,4841
1638,Bai,tols2000,2000,2000,5184
1346,Rajat,rajat19,1157,1157,5399
271,HB,west1505,1505,1505,5445
1059,Sandia,fpga_dcop_05,1220,1220,5852
1061,Sandia,fpga_dcop_07,1220,1220,5855
1060,Sandia,fpga_dcop_06,1220,1220,5860
1896,YZhou,circuit204,1020,1020,5883
1058,Sandia,fpga_dcop_04,1220,1220,5884
1064,Sandia,fpga_dcop_10,1220,1220,5884
1062,Sandia,fpga_dcop_08,1220,1220,5888
1063,Sandia,fpga_dcop_09,1220,1220,5888
1055,Sandia,fpga_dcop_01,1220,1220,5892
1056,Sandia,fpga_dcop_02,1220,1220,5892
1057,Sandia,fpga_dcop_03,1220,1220,5892
1065,Sandia,fpga_dcop_11,1220,1220,5892
1066,Sandia,fpga_dcop_12,1220,1220,5892
1067,Sandia,fpga_dcop_13,1220,1220,5892
1068,Sandia,fpga_dcop_14,1220,1220,5892
1069,Sandia,fpga_dcop_15,1220,1220,5892
1070,Sandia,fpga_dcop_16,1220,1220,5892
1071,Sandia,fpga_dcop_17,1220,1220,5892
1072,Sandia,fpga_dcop_18,1220,1220,5892
1073,Sandia,fpga_dcop_19,1220,1220,5892
1074,Sandia,fpga_dcop_20,1220,1220,5892
1075,Sandia,fpga_dcop_21,1220,1220,5892
1076,Sandia,fpga_dcop_22,1220,1220,5892
1077,Sandia,fpga_dcop_23,1220,1220,5892
1078,Sandia,fpga_dcop_24,1220,1220,5892
1079,Sandia,fpga_dcop_25,1220,1220,5892
1080,Sandia,fpga_dcop_26,1220,1220,5892
1081,Sandia,fpga_dcop_27,1220,1220,5892
1082,Sandia,fpga_dcop_28,1220,1220,5892
1083,Sandia,fpga_dcop_29,1220,1220,5892
1084,Sandia,fpga_dcop_30,1220,1220,5892
1085,Sandia,fpga_dcop_31,1220,1220,5892
1086,Sandia,fpga_dcop_32,1220,1220,5892
1087,Sandia,fpga_dcop_33,1220,1220,5892
1088,Sandia,fpga_dcop_34,1220,1220,5892
1089,Sandia,fpga_dcop_35,1220,1220,5892
1090,Sandia,fpga_dcop_36,1220,1220,5892
1091,Sandia,fpga_dcop_37,1220,1220,5892
1092,Sandia,fpga_dcop_38,1220,1220,5892
1093,Sandia,fpga_dcop_39,1220,1220,5892
1094,Sandia,fpga_dcop_40,1220,1220,5892
1095,Sandia,fpga_dcop_41,1220,1220,5892
1096,Sandia,fpga_dcop_42,1220,1220,5892
1097,Sandia,fpga_dcop_43,1220,1220,5892
1098,Sandia,fpga_dcop_44,1220,1220,5892
1099,Sandia,fpga_dcop_45,1220,1220,5892
1100,Sandia,fpga_dcop_46,1220,1220,5892
1101,Sandia,fpga_dcop_47,1220,1220,5892
1102,Sandia,fpga_dcop_48,1220,1220,5892
1103,Sandia,fpga_dcop_49,1220,1220,5892
1104,Sandia,fpga_dcop_50,1220,1220,5892
1105,Sandia,fpga_dcop_51,1220,1220,5892
152,HB,fs_760_1,760,760,5976
153,HB,fs_760_2,760,760,5976
154,HB,fs_760_3,760,760,5976
187,HB,jpwh_991,991,991,6027
2561,CPM,cz628,628,628,6346
380,DRIVCAV,cavity01,317,317,7327
381,DRIVCAV,cavity02,317,317,7327
382,DRIVCAV,cavity03,317,317,7327
383,DRIVCAV,cavity04,317,317,7327
272,HB,west2021,2021,2021,7353
893,Norris,lung1,1650,1650,7419
294,Bai,bfwa782,782,782,7514
208,HB,mahindas,1258,1258,7682
287,Averous,epb0,1794,1794,7764
467,Grund,poli,4008,4008,8188
314,Bai,mhda416,416,416,8562
214,HB,nnc1374,1374,1374,8606
1640,Bai,tols4000,4000,4000,8784
233,HB,pores_2,1224,1224,9613
309,Bai,dw1024,2048,2048,10114
1614,Bai,dw2048,2048,2048,10114
1327,Morandini,rotor2,791,791,10685
988,Sandia,adder_dcop_05,1813,1813,11097
987,Sandia,adder_dcop_04,1813,1813,11107
986,Sandia,adder_dcop_03,1813,1813,11148
984,Sandia,adder_dcop_01,1813,1813,11156
1108,Sandia,init_adder1,1813,1813,11156
989,Sandia,adder_dcop_06,1813,1813,11224
990,Sandia,adder_dcop_07,1813,1813,11226
993,Sandia,adder_dcop_10,1813,1813,11232
992,Sandia,adder_dcop_09,1813,1813,11239
991,Sandia,adder_dcop_08,1813,1813,11242
994,Sandia,adder_dcop_11,1813,1813,11243
996,Sandia,adder_dcop_13,1813,1813,11245
1002,Sandia,adder_dcop_19,1813,1813,11245
1027,Sandia,adder_dcop_44,1813,1813,11245
985,Sandia,adder_dcop_02,1813,1813,11246
995,Sandia,adder_dcop_12,1813,1813,11246
997,Sandia,adder_dcop_14,1813,1813,11246
998,Sandia,adder_dcop_15,1813,1813,11246
999,Sandia,adder_dcop_16,1813,1813,11246
1000,Sandia,adder_dcop_17,1813,1813,11246
1001,Sandia,adder_dcop_18,1813,1813,11246
1003,Sandia,adder_dcop_20,1813,1813,11246
1004,Sandia,adder_dcop_21,1813,1813,11246
1005,Sandia,adder_dcop_22,1813,1813,11246
1006,Sandia,adder_dcop_23,1813,1813,11246
1007,Sandia,adder_dcop_24,1813,1813,11246
1008,Sandia,adder_dcop_25,1813,1813,11246
1009,Sandia,adder_dcop_26,1813,1813,11246
1010,Sandia,adder_dcop_27,1813,1813,11246
1011,Sandia,adder_dcop_28,1813,1813,11246
1012,Sandia,adder_dcop_29,1813,1813,11246
1013,Sandia,adder_dcop_30,1813,1813,11246
1014,Sandia,adder_dcop_31,1813,1813,11246
1015,Sandia,adder_dcop_32,1813,1813,11246
1016,Sandia,adder_dcop_33,1813,1813,11246
1017,Sandia,adder_dcop_34,1813,1813,11246
1018,Sandia,adder_dcop_35,1813,1813,11246
1019,Sandia,adder_dcop_36,1813,1813,11246
1020,Sandia,adder_dcop_37,1813,1813,11246
1021,Sandia,adder_dcop_38,1813,1813,11246
1022,Sandia,adder_dcop_39,1813,1813,11246
1023,Sandia,adder_dcop_40,1813,1813,11246
1024,Sandia,adder_dcop_41,1813,1813,11246
1025,Sandia,adder_dcop_42,1813,1813,11246
1026,Sandia,adder_dcop_43,1813,1813,11246
1028,Sandia,adder_dcop_45,1813,1813,11246
1029,Sandia,adder_dcop_46,1813,1813,11246
1030,Sandia,adder_dcop_47,1813,1813,11246
1031,Sandia,adder_dcop_48,1813,1813,11246
1032,Sandia,adder_dcop_49,1813,1813,11246
1033,Sandia,adder_dcop_50,1813,1813,11246
1034,Sandia,adder_dcop_51,1813,1813,11246
1035,Sandia,adder_dcop_52,1813,1813,11246
1036,Sandia,adder_dcop_53,1813,1813,11246
1037,Sandia,adder_dcop_54,1813,1813,11246
1038,Sandia,adder_dcop_55,1813,1813,11246
1039,Sandia,adder_dcop_56,1813,1813,11246
1040,Sandia,adder_dcop_57,1813,1813,11246
1041,Sandia,adder_dcop_58,1813,1813,11246
1042,Sandia,adder_dcop_59,1813,1813,11246
1043,Sandia,adder_dcop_60,1813,1813,11246
1044,Sandia,adder_dcop_61,1813,1813,11246
1045,Sandia,adder_dcop_62,1813,1813,11246
1046,Sandia,adder_dcop_63,1813,1813,11246
1047,Sandia,adder_dcop_64,1813,1813,11246
1048,Sandia,adder_dcop_65,1813,1813,11246
1049,Sandia,adder_dcop_66,1813,1813,11246
1050,Sandia,adder_dcop_67,1813,1813,11246
1051,Sandia,adder_dcop_68,1813,1813,11246
1052,Sandia,adder_dcop_69,1813,1813,11246
258,HB,watt_1,1856,1856,11360
1535,Zitney,extr1b,2836,2836,11404
836,Zitney,extr1,2837,2837,11407
259,HB,watt_2,1856,1856,11550
2334,Fluorem,DK01R,903,903,11766
1613,Bai,cryg2500,2500,2500,12349
2562,CPM,cz1268,1268,1268,12786
1170,MathWorks,Pd,8081,8081,13036
838,Zitney,radfr1,1048,1048,13299
1942,JGD_CAG,CAG_mat364,364,364,13585
1378,MathWorks,Sieber,2290,2290,14873
2655,LeGresley,LeGresley_2508,2508,2508,16727
329,Bai,rbsa480,480,480,17088
330,Bai,rbsb480,480,480,17088
1865,Muite,Chebyshev2,2053,2053,18447
734,Mallya,lhr01,1477,1477,18592
375,Brethour,coater1,1348,1348,19457
545,Hollinger,g7jac010,2880,2880,19635
546,Hollinger,g7jac010sc,2880,2880,19635
810,Shyy,shyy41,4720,4720,20042
336,Bai,rw5151,5151,5151,20199
246,HB,sherman5,3312,3312,20793
371,Bomhof,circuit_2,4510,4510,21199
460,Grund,bayer09,3083,3083,21216
823,TOKAMAK,utm1700b,1700,1700,21509
1200,Hamrle,Hamrle2,5952,5952,22162
243,HB,sherman2,1080,1080,23094
866,Pothen,barth4,6019,6019,40965
755,Nasa,barth4,6019,6019,23492
837,Zitney,hydr1,5308,5308,23752
1536,Zitney,hydr1c,5308,5308,23752
213,HB,mcfe,765,765,24382
900,Shen,shermanACa,3432,3432,25220
189,HB,lns_3937,3937,3937,25407
191,HB,lnsp3937,3937,3937,25407
2563,CPM,cz2548,2548,2548,25674
457,Grund,bayer06,3008,3008,27576
459,Grund,bayer08,3008,3008,27576
456,Grund,bayer05,3268,3268,27836
458,Grund,bayer07,3268,3268,27836
917,Hohn,fd12,7500,7500,28462
2656,LeGresley,LeGresley_4908,4908,4908,30482
384,DRIVCAV,cavity05,1182,1182,32747
385,DRIVCAV,cavity06,1182,1182,32747
386,DRIVCAV,cavity07,1182,1182,32747
387,DRIVCAV,cavity08,1182,1182,32747
388,DRIVCAV,cavity09,1182,1182,32747
468,Grund,poli_large,15575,15575,33074
157,HB,gemat12,4929,4929,33111
156,HB,gemat11,4929,4929,33185
2350,Rommes,bips98_606,7135,7135,34738
370,Bomhof,circuit_1,2624,2624,35823
1866,Muite,Chebyshev3,4101,4101,36879
735,Mallya,lhr02,2954,2954,37206
568,Hollinger,jan99jac020,6774,6774,38692
569,Hollinger,jan99jac020sc,6774,6774,38692
2351,Rommes,bips98_1142,9735,9735,40983
211,HB,mbeause,496,496,41063
312,Bai,dw4096,8192,8192,41746
1615,Bai,dw8192,8192,8192,41746
825,TOKAMAK,utm3060,3060,3060,42211
1185,Rajat,rajat01,6833,6833,43250
918,Hohn,fd15,11532,11532,44206
2352,Rommes,bips98_1450,11305,11305,44678
2348,Rommes,nopss_11k,11685,11685,44941
2256,MathWorks,TS,2142,2142,45262
547,Hollinger,g7jac020,5850,5850,45465
548,Hollinger,g7jac020sc,5850,5850,45465
1620,Bai,mhd1280a,1280,1280,47906
372,Bomhof,circuit_3,12127,12127,48137
2340,Rommes,xingo_afonso_itaipu,13250,13250,48735
2343,Rommes,mimo46x46_system,13250,13250,48735
2346,Rommes,zeros_nopss_13k,13296,13296,48827
2353,Rommes,bips07_1693,13275,13275,49044
1612,Bai,cryg10000,10000,10000,49699
209,HB,mbeacxc,496,496,49920
210,HB,mbeaflw,496,496,49920
2564,CPM,cz5108,5108,5108,51412
2245,TSOPF,TSOPF_RS_b9_c6,7224,7224,54082
454,Grund,bayer03,6747,6747,56196
840,Zitney,rdist2,3198,3198,56934
1380,Andrianov,fxm3_6,5026,5026,94026
1805,Meszaros,fxm3_6,12625,6200,57722
465,Grund,meg1,2904,2904,58142
1868,Quaglino,viscoplastic1,4326,4326,61166
841,Zitney,rdist3a,2398,2398,61896
1622,Bai,mhd3200a,3200,3200,68026
389,DRIVCAV,cavity10,2597,2597,76367
390,DRIVCAV,cavity11,2597,2597,76367
391,DRIVCAV,cavity12,2597,2597,76367
392,DRIVCAV,cavity13,2597,2597,76367
393,DRIVCAV,cavity14,2597,2597,76367
394,DRIVCAV,cavity15,2597,2597,76367
736,Mallya,lhr04,4101,4101,82682
737,Mallya,lhr04c,4101,4101,82682
826,TOKAMAK,utm5940,5940,5940,83842
224,HB,orani678,2529,2529,90158
839,Zitney,rdist1,4134,4134,94408
864,Langemyr,comsol,1500,1500,97645
1624,Bai,mhd4800a,4800,4800,102252
582,Hollinger,mark3jac040,18289,18289,113435
583,Hollinger,mark3jac040sc,18289,18289,113435
549,Hollinger,g7jac040,11790,11790,114671
550,Hollinger,g7jac040sc,11790,11790,114671
1591,QCD,conf5_0-4x4-10,3072,3072,119808
1592,QCD,conf5_0-4x4-14,3072,3072,119808
1593,QCD,conf5_0-4x4-18,3072,3072,119808
1594,QCD,conf5_0-4x4-22,3072,3072,119808
1595,QCD,conf5_0-4x4-26,3072,3072,119808
1596,QCD,conf6_0-4x4-20,3072,3072,119808
1597,QCD,conf6_0-4x4-30,3072,3072,119808
572,Hollinger,jan99jac060,20614,20614,127182
573,Hollinger,jan99jac060sc,20614,20614,127182
819,Simon,raefsky6,3402,3402,137845
395,DRIVCAV,cavity16,4562,4562,138187
396,DRIVCAV,cavity17,4562,4562,138187
397,DRIVCAV,cavity18,4562,4562,138187
398,DRIVCAV,cavity19,4562,4562,138187
399,DRIVCAV,cavity20,4562,4562,138187
400,DRIVCAV,cavity21,4562,4562,138187
401,DRIVCAV,cavity22,4562,4562,138187
402,DRIVCAV,cavity23,4562,4562,138187
403,DRIVCAV,cavity24,4562,4562,138187
404,DRIVCAV,cavity25,4562,4562,138187
405,DRIVCAV,cavity26,4562,4562,138187
2344,Rommes,juba40k,40337,40337,144945
2345,Rommes,bauru5727,40366,40366,145019
901,Shen,shermanACb,18510,18510,145149
738,Mallya,lhr07,7337,7337,156508
739,Mallya,lhr07c,7337,7337,156508
551,Hollinger,g7jac050sc,14760,14760,157990
455,Grund,bayer04,20545,20545,159082
1874,HVDC,hvdc1,24842,24842,159981
818,Simon,raefsky5,6316,6316,168658
289,Averous,epb2,25228,25228,175027
1941,JGD_CAG,CAG_mat1916,1916,1916,195985
1371,Rajat,rajat22,39899,39899,197264
2232,TSOPF,TSOPF_RS_b162_c1,5374,5374,205399
2566,CPM,cz20468,20468,20468,206076
376,Brethour,coater2,9540,9540,207308
740,Mallya,lhr10,10672,10672,232633
741,Mallya,lhr10c,10672,10672,232633
742,Mallya,lhr11,10964,10964,233741
743,Mallya,lhr11c,10964,10964,233741
2242,TSOPF,TSOPF_RS_b39_c7,14098,14098,252446
744,Mallya,lhr14,14270,14270,307858
745,Mallya,lhr14c,14270,14270,307858
446,Goodwin,goodwin,7320,7320,324784
1436,Oberwolfach,inlet,11730,11730,328323
448,Graham,graham1,9035,9035,335504
283,ATandT,onetone1,36057,36057,341088
590,Hollinger,mark3jac120,54929,54929,342475
591,Hollinger,mark3jac120sc,54929,54929,342475
1877,Rost,RFdevice,74104,74104,365580
983,Sanghavi,ecl32,51993,51993,380415
1869,Quaglino,viscoplastic2,32769,32769,381326
746,Mallya,lhr17,17576,17576,381975
747,Mallya,lhr17c,17576,17576,381975
556,Hollinger,g7jac100,29610,29610,384636
557,Hollinger,g7jac100sc,29610,29610,384636
592,Hollinger,mark3jac140,64089,64089,399735
593,Hollinger,mark3jac140sc,64089,64089,399735
2567,CPM,cz40948,40948,40948,412148
1405,Bindel,ted_A,10605,10605,424587
1408,Bindel,ted_A_unscaled,10605,10605,424587
2335,Fluorem,GT01R,7980,7980,430909
954,Schenk_IBMSDS,2D_27628_bjtcai,27628,27628,442898
558,Hollinger,g7jac120,35550,35550,475296
559,Hollinger,g7jac120sc,35550,35550,475296
291,Bai,af23560,23560,23560,484256
1345,Rajat,rajat18,94294,94294,485143
894,Norris,lung2,109460,109460,492564
1381,Andrianov,fxm4_6,18892,18892,497844
1807,Meszaros,fxm4_6,47185,22400,265442
1333,VanVelzen,std1_Jac2_db,21982,21982,498771
542,Hamm,hcircuit,105676,105676,513072
1407,Bindel,ted_AB,10605,10605,522387
1410,Bindel,ted_AB_unscaled,10605,10605,522387
1335,VanVelzen,std1_Jac3_db,21982,21982,531826
236,HB,psmigr_2,3140,3140,540022
235,HB,psmigr_1,3140,3140,543162
237,HB,psmigr_3,3140,3140,543162
899,Shen,e40r0100,17281,17281,553562
1372,Rajat,rajat23,110355,110355,556938
560,Hollinger,g7jac140,41490,41490,565956
561,Hollinger,g7jac140sc,41490,41490,565956
921,Hohn,sinc15,11532,11532,568526
2657,LeGresley,LeGresley_87936,87936,87936,593276
956,Schenk_IBMSDS,3D_28984_Tetra,28984,28984,599170
1369,Rajat,rajat20,86916,86916,605045
1374,Rajat,rajat25,87190,87190,607235
1377,Rajat,rajat28,87190,87190,607235
2233,TSOPF,TSOPF_RS_b162_c3,15374,15374,610299
1343,Rajat,rajat16,94294,94294,641159
1344,Rajat,rajat17,94294,94294,641159
562,Hollinger,g7jac160,47430,47430,656616
563,Hollinger,g7jac160sc,47430,47430,656616
1341,VanVelzen,Zd_Jac6_db,22835,22835,663643
1337,VanVelzen,Zd_Jac2_db,22835,22835,676439
1379,Andrianov,ex3sta1,16782,16782,678998
1709,Meszaros,ex3sta1,17516,17443,68779
2240,TSOPF,TSOPF_RS_b39_c19,38098,38098,684206
1339,VanVelzen,Zd_Jac3_db,22835,22835,713907
1394,Andrianov,pf2177,9728,9728,725144
1753,Meszaros,pf2177,10178,9728,30984
564,Hollinger,g7jac180,53370,53370,747276
565,Hollinger,g7jac180sc,53370,53370,747276
748,Mallya,lhr34,35152,35152,764014
749,Mallya,lhr34c,35152,35152,764014
1320,IBM_EDA,dc1,116835,116835,766396
1321,IBM_EDA,dc2,116835,116835,766396
1322,IBM_EDA,dc3,116835,116835,766396
1323,IBM_EDA,trans4,116835,116835,766396
1324,IBM_EDA,trans5,116835,116835,766396
2056,JGD_Homology,m133-b3,200200,200200,800800
2135,JGD_Homology,shar_te2-b3,200200,200200,800800
2556,Chevron,Chevron2,90249,90249,803173
2234,TSOPF,TSOPF_RS_b162_c4,20374,20374,812749
566,Hollinger,g7jac200,59310,59310,837936
567,Hollinger,g7jac200sc,59310,59310,837936
2034,JGD_Homology,ch7-8-b5,141120,141120,846720
1395,MKS,fp,7548,7548,848553
862,Kim,kim1,38415,38415,933195
544,Hamm,scircuit,170998,170998,958936
2275,Freescale,transient,178866,178866,961790
922,Hohn,sinc18,16428,16428,973826
955,Schenk_IBMSDS,2D_54019_highK,54019,54019,996414
447,Goodwin,rim,22560,22560,1014951
897,Norris,torso2,115967,115967,1033473
957,Schenk_IBMSDS,3D_51448_3D,51448,51448,1056610
958,Schenk_IBMSDS,ibm_matrix_2,51448,51448,1056610
2241,TSOPF,TSOPF_RS_b39_c30,60098,60098,1079986
286,ATandT,twotone,120750,120750,1224224
1334,VanVelzen,std1_Jac2,21982,21982,1248731
2376,Williams,mac_econ_fwd500,206500,206500,1273389
1863,Rajat,Raj1,263743,263743,1302464
1875,HVDC,hvdc2,189860,189860,1347273
1336,VanVelzen,std1_Jac3,21982,21982,1455848
2237,TSOPF,TSOPF_RS_b300_c1,14538,14538,1474325
750,Mallya,lhr71,70304,70304,1528092
751,Mallya,lhr71c,70304,70304,1528092
1338,VanVelzen,Zd_Jac2,22835,22835,1642833
827,Vavasis,av41092,41092,41092,1683902
1342,VanVelzen,Zd_Jac6,22835,22835,1711983
1858,QLi,crashbasis,160000,160000,1750416
1859,QLi,majorbasis,160000,160000,1750416
812,Simon,bbmat,38744,38744,1771722
1642,POLYFLOW,invextr1_new,30412,30412,1793881
1370,Rajat,rajat21,411676,411676,1893370
1340,VanVelzen,Zd_Jac3,22835,22835,1916152
1598,QCD,conf5_4-8x8-05,49152,49152,1916928
1599,QCD,conf5_4-8x8-10,49152,49152,1916928
1600,QCD,conf5_4-8x8-15,49152,49152,1916928
1601,QCD,conf5_4-8x8-20,49152,49152,1916928
1602,QCD,conf6_0-8x8-20,49152,49152,1916928
1603,QCD,conf6_0-8x8-30,49152,49152,1916928
1604,QCD,conf6_0-8x8-80,49152,49152,1916928
1880,Rudnyi,water_tank,60740,60740,2035281
2377,Williams,mc2depi,525825,525825,2100225
959,Schenk_IBMSDS,matrix_9,103430,103430,2121550
960,Schenk_IBMSDS,matrix-new_3,125329,125329,2678750
2238,TSOPF,TSOPF_RS_b300_c2,28338,28338,2943887
895,Norris,stomach,213360,213360,3021648
2557,Chevron,Chevron3,381381,381381,3413113
1399,Raju,laminar_duct3D,67173,67173,3833077
2756,Meng,iChem_Jacobian,274087,274087,4137369
2243,TSOPF,TSOPF_RS_b678_c1,18696,18696,4396289
2239,TSOPF,TSOPF_RS_b300_c3,42138,42138,4413449
898,Norris,torso3,259156,259156,4429042
1897,CEMW,t2em,921632,921632,4590832
1867,Muite,Chebyshev4,68121,68121,5377761
1201,Hamrle,Hamrle3,1447360,1447360,5514242
2558,Chevron,Chevron4,711450,711450,6376412
2235,TSOPF,TSOPF_RS_b2052_c1,25626,25626,6761100
2336,Fluorem,PR02R,161070,161070,8185136
896,Norris,torso1,116158,116158,8516500
2244,TSOPF,TSOPF_RS_b678_c2,35696,35696,8781949
863,Kim,kim2,456976,456976,11330020
2219,TSOPF,TSOPF_RS_b2383,38120,38120,16171169
2236,TSOPF,TSOPF_RS_b2383_c1,38120,38120,16171169
2171,JGD_Margulies,wheel_7_1,113,114,338
2151,JGD_Margulies,cat_ears_3_1,181,204,542
2157,JGD_Margulies,flower_5_1,201,211,602
1944,JGD_Forest,TF10,107,99,622
158,HB,gent113,113,113,655
273,HB,will199,199,199,701
1326,Morandini,rotor1,100,100,708
2072,JGD_Homology,mk9-b1,36,378,756
2091,JGD_Homology,n3c5-b3,120,210,840
834,Zhao,Zhao1,33861,33861,166453
835,Zhao,Zhao2,33861,33861,166453
584,Hollinger,mark3jac060,27449,27449,170695
585,Hollinger,mark3jac060sc,27449,27449,170695
574,Hollinger,jan99jac080,27534,27534,171522
575,Hollinger,jan99jac080sc,27534,27534,171522
1862,Szczerba,Ill_Stokes,20896,20896,191368
1111,Sandia,mult_dcop_03,25187,25187,193216
1109,Sandia,mult_dcop_01,25187,25187,193276
1110,Sandia,mult_dcop_02,25187,25187,193276
552,Hollinger,g7jac060,17730,17730,203316
553,Hollinger,g7jac060sc,17730,17730,203316
576,Hollinger,jan99jac100,34454,34454,215862
577,Hollinger,jan99jac100sc,34454,34454,215862
284,ATandT,onetone2,36057,36057,227628
586,Hollinger,mark3jac080,36609,36609,227955
587,Hollinger,mark3jac080sc,36609,36609,227955
1375,Rajat,rajat26,51032,51032,249302
1319,Engwirda,airfoil_2d,14214,14214,259688
578,Hollinger,jan99jac120,41374,41374,260202
579,Hollinger,jan99jac120sc,41374,41374,260202
452,Grund,bayer01,57735,57735,277774
588,Hollinger,mark3jac100,45769,45769,285215
589,Hollinger,mark3jac100sc,45769,45769,285215
554,Hollinger,g7jac080,23670,23670,293976
555,Hollinger,g7jac080sc,23670,23670,293976
920,Hohn,sinc12,7500,7500,294986
373,Bomhof,circuit_4,80209,80209,307604
809,Shyy,shyy161,76480,76480,329762
2555,Chevron,Chevron1,37365,37365,330633
1413,IBM_EDA,ckt11752_dc_1,49702,49702,333029
1414,IBM_EDA,ckt11752_tr_0,49702,49702,333029
2054,JGD_Homology,klein-b2,30,20,60
2086,JGD_Homology,n3c4-b2,15,20,60
2166,JGD_Margulies,wheel_3_1,25,21,74
2089,JGD_Homology,n3c5-b1,10,45,90
1199,Hamrle,Hamrle1,32,32,98
2167,JGD_Margulies,wheel_4_1,41,36,122
464,Grund,d_ss,53,53,149
232,HB,pores_1,30,30,180
2168,JGD_Margulies,wheel_5_1,61,57,182
2076,JGD_Homology,n2c6-b1,15,105,210
2097,JGD_Homology,n3c6-b1,105,105,210
2108,JGD_Homology,n4c5-b1,15,105,210
1884,NYPA,Maragal_1,14,32,234
462,Grund,d_dyn,87,87,238
463,Grund,d_dyn1,87,87,238
2149,JGD_Margulies,cat_ears_2_1,85,85,254
2170,JGD_Margulies,wheel_6_1,85,83,254
274,HB,will57,57,57,281
2011,JGD_Homology,ch4-4-b2,72,96,288
109,HB,curtis54,54,54,291
262,HB,west0067,67,67,294
861,MathWorks,pivtol,102,102,306
172,HB,impcol_b,59,59,312
2090,JGD_Homology,n3c5-b2,45,120,360
264,HB,west0156,156,156,371
318,Bai,olm100,100,100,396
2013,JGD_Homology,ch5-5-b1,25,200,400
173,HB,impcol_c,137,137,411
263,HB,west0132,132,132,414
2045,JGD_Homology,cis-n4c6-b1,21,210,420
2120,JGD_Homology,n4c6-b1,21,210,420
7,HB,ash219,85,219,438
293,Bai,bfwa62,62,62,450
334,Bai,rw136,136,136,479
265,HB,west0167,167,167,507
188,HB,lns_131,131,131,536
192,HB,lnsp_131,131,131,536
171,HB,impcol_a,207,207,572
2194,JGD_SPG,08blocks,300,300,592
9,HB,ash331,104,331,662
1195,Rajat,rajat11,135,135,812
313,Bai,lop163,163,163,935
316,Bai,odepa400,400,400,1201
1641,Bai,tols90,90,90,1746
321,Bai,olm500,500,500,1996
319,Bai,olm1000,1000,1000,3996
320,Bai,olm2000,2000,2000,7996
